File_name,flash percent,flash,ram,Code,RO_data,RW_data,ZI_data
lto-llvm-8064e3.o,94.562714%,13148,221,13112,32,4,217
mc_w.l,1.855581%,258,0,258,0,0,0
startup_at32f421.o,1.726122%,240,1024,36,204,0,1024
uldiv.o,0.704833%,98,0,98,0,0,0
init.o,0.345224%,48,0,48,0,0,0
llushr.o,0.230150%,32,0,32,0,0,0
llshl.o,0.215765%,30,0,30,0,0,0
handlers.o,0.215765%,30,0,30,0,0,0
entry9a.o,0.057537%,8,0,8,0,0,0
entry2.o,0.057537%,8,0,8,0,0,0
entry5.o,0.028769%,4,0,4,0,0,0
