File_name,flash percent,flash,ram,Code,RO_data,RW_data,ZI_data
lto-llvm-45ec65.o,94.568184%,13162,221,13126,32,4,217
mc_w.l,1.853715%,258,0,258,0,0,0
startup_at32f421.o,1.724386%,240,1024,36,204,0,1024
uldiv.o,0.704124%,98,0,98,0,0,0
init.o,0.344877%,48,0,48,0,0,0
llushr.o,0.229918%,32,0,32,0,0,0
llshl.o,0.215548%,30,0,30,0,0,0
handlers.o,0.215548%,30,0,30,0,0,0
entry9a.o,0.057480%,8,0,8,0,0,0
entry2.o,0.057480%,8,0,8,0,0,0
entry5.o,0.028740%,4,0,4,0,0,0
