File_name,flash percent,flash,ram,Code,RO_data,RW_data,ZI_data
lto-llvm-a89fc3.o,94.527290%,13058,226,13022,32,4,222
mc_w.l,1.867671%,258,0,258,0,0,0
startup_at32f421.o,1.737368%,240,1024,36,204,0,1024
uldiv.o,0.709425%,98,0,98,0,0,0
init.o,0.347474%,48,0,48,0,0,0
llushr.o,0.231649%,32,0,32,0,0,0
llshl.o,0.217171%,30,0,30,0,0,0
handlers.o,0.217171%,30,0,30,0,0,0
entry9a.o,0.057912%,8,0,8,0,0,0
entry2.o,0.057912%,8,0,8,0,0,0
entry5.o,0.028956%,4,0,4,0,0,0
